/iqXvInv,SvUORt3Z,h40YP+EX,cQ3VqaNK,7sXy6Vxy,fKCIScTM,zJ1AdN0x,KPfs9bY4,Ao/uxxiV,cjFUtN43,r015Cift,lWAm35gA,KnqusOiZ,EMnU8zOc,EM+oaxuL,o3llxkPj,S9jTHcbB,QYyrZAA+,5kat+sMO,MCXLHPOk,R71AbO3Q,7Yv5dl4e,CMUqJDi3,MMi6RrJE,DyoXCXhG,+fphkWf+,bX0DTqaK
hkNUproF,h2I5XoCl,U+pFFChg,8XGX4RfH,Gfl7rBXp,lXeJzzFx,2I6IdenH,heTLRsay,0MyRvf+z,Io0owrTq,fOmLFaa0,C/k/5t1L,m//4Q2Ik,G8U5oAXU,Ij2vWpmq,bKGVJEbV,VKVTo5f+,YjJe2m5v,sY1Yr9zq,kSAwbl2S,8+/CRatE,4wb4zOm+,E/tneHs2,ZodyJAuD,UuHpkKc3,f1Wq5qFC,Lrn9I67R
zgo8tJvs,Yq2p88Wa,JEDVisC/,7uu+EIK7,rLpxiyjN,CHXjziEu,vvscJHH1,NYLLtiD5,97syBrzp,LV07juS1,LIbgHs8o,7+KHa7PK,hC6iloJC,tmWSmRox,XhaE2NOY,AwySoFay,TxdimZQZ,jNIKV+yl,NMzpwckH,WAQPvyMy,McfVgyxy,nbTFLnYS,nbxzQLq5,2AsgKzRN,FUKdslWN,yjDli9F6,fgdBvNKv
aERoT7RD,6qpbliqu,+2fMzzjg,vtA4oTsq,9bIHk83Y,kyEyjdWV,Gm0dZ7cF,RTm3TP8t,ZZchWntO,88nECHFE,EGK4uGZr,/mYjMzk6,nQXWFvdm,+cbybSg/,xosAMHGV,z3hcsxNT,hRCKJGxi,jiqeJwRH,HdjYNwME,nXJFN8h6,Cuoe8dTE,lherlTDd,B36hKzU7,Vab/KFLw,E6T06nsP,9sC7JufE,ZJ78eBJ6
3Qis8+05,gGMubWoE,nTevPyP+,IkvNjNWF,HNnw9ZGV,Rleu6cvm,cp+qRR+N,Jbh1zJje,/h0rnIsH,QoSWxqt1,WAqOq9Wz,V/bWnmbF,ZgT/V+QR,XizIZzK1,Pqu8zp/x,njmSaXo+,PaOPgsa0,ikLmOpxo,B5TWGFmK,4YNLmOzL,biv9iE20,oAkTo9MP,m/j/+FyB,CwZjl8os,3KBq24OR,lJHvCiFs,3OpZ0aPW
B+V8xVvl,dlM506LO,TR+e1KFB,w4tGC3mL,sUL4jJ04,IDcL49Xt,rpVAdn4R,KP7mCMik,ADE6WKfl,w36Dcycw,ojU5SqHd,/lbePNsh,0dMikLbw,QTwD4LFZ,DSFqvGbn,JLZOCruG,F1qUm+Tb,ipIso68p,3H00Nsfy,iV+Z1YTT,qcrw3Vvm,gLMhFyqj,9Vo7IQ+/,EUUgDGEL,glXaxCZV,FLHDpj5J,QNug4igQ
pZmGEosw,eh4zu29p,J7B1vBTd,qCOF4Uwo,L48sUu0D,hjZdIkEl,nsGYw9jh,DFTNiaXI,kCi1MMGI,h8E6Y9XK,ZyfPGKTX,YpHYPkBz,uIgDHzN/,Y+Ds50ia,aeW8LYLA,h/zJalXp,jdC3eWyr,B8fVF7NY,iB1Aab4f,YZhCdOCu,9URzrlgO,VIjXWEDF,svH+MEB3,4KdmySuE,29XbIUAq,PyYUFAvj,z5UX7FSH
6jvVzjDr,JreOQU8A,pPJuui51,vwouBQUU,Z3hz5zsn,uxxxcX/U,cvAIpcM8,coLk5Xyf,PX/hfzT6,gfYkGPym,ikHCQfR6,yxJc8NVp,VWRA/Wik,ZIfKovA5,2BnA/f0x,ser4kjn1,lFh0zODp,T+PEdoSP,SXqiOLek,FC7ZMLTF,637eUNgL,ITy09rSp,v4cMYY4U,1tEiN3Db,O9mg9EjK,zZS+ltrL,H3Ff32tE
4yO0Baf5,aqvcIm1q,Mi5CsdG1,Vmv9EYo1,GjlyCkTg,YPe0PkCs,OAyiuvNr,TWlIbwRp,bTR+rJJU,D++LrxyT,zFFBETrt,6ZxiUvTj,vSe5U6qV,VKYB4/wg,2D+BI9J9,ECdtKIYk,+zVFaqgm,HE35OAmV,PMmDUeSf,siyLWtKu,AIAGUJVJ,U/lWHl+1,5xGqDpvU,sM7eUQSD,xjpceL0/,1Ms4/iiB,uGrXuOKd
9RBIcicm,JWbpQhnM,k+VDOm87,pcctwBO9,aEPsJWQY,EyeQH9Ww,dmqYPm2m,iEkOhzk2,82vq0dac,bL+zaRuu,XX2YcS5D,USObdW3K,e6qm5qiz,HyEzlQWI,OiDnOdxU,6Wi29dw6,5hLAwvTf,E56yBr6A,8ZbmB4Gb,MksDb45K,I9cc0eXi,KxqUIUDY,aPH3NXjb,GM1iSb96,EhmbfpY/,Vue5U9cR,jWS8NqzW
ghH173lN,of0fKBA3,eBhDAYuv,Q/GXajeM,W2sfw+cF,tIQKRY5N,e77VlYky,ccsrQ2OB,gbvCLjLk,OuD+MisB,Rw4Retnd,AAOYHTv2,5jY/nWcs,EkYdVPFY,wwhYDLhx,384Batqu,cgz4dL6e,K7YJISsR,1OANwj9y,6jyJj1pq,BkJRHzO9,ZGOk9dMw,ZdfR+okh,EGHQ7eVs,kCjqAADM,sWERPhQ2,YtIHHKA/
P3A69aZ2,9KOlglBK,89DwYRgl,rRFQm98P,UJooDbgL,IPRlDS18,EOWlyfnA,MchP0yBT,NOI7nSSs,+i3MD7Gj,9bHQ28OI,1elmLb6N,1XsXDyac,YXL74RhA,i1fV/bBA,fqa2FrQ+,F2cdwtic,S/VV+GtW,tupVnupo,GSMi9Stq,4+ivJ1Uu,ksh7uNWo,XZvxInvF,joEMME8R,IBJvo7ZU,Kw4QiWF1,aH6N83/W
w+NVMym2,tPbAmydR,9ck11VlC,xLVKcRBf,nmvfYOWb,k9iCfLIm,2EvOA7fQ,V2KKDmgh,Cy1NJK1B,lanYr5GW,x5j6d6dg,BbivLqGe,7zqB5Zts,q60llu/i,nMLdmFK1,vLocNNdZ,M9XcCspc,uvVJnceM,RRvZ2MPR,YZlxkCPT,vhGB+1SV,rKSoK0NW,rYbQmDX2,3WkRq6GO,exBRImTX,ad2ipp2D,u1YjQbLm
FUvf5orN,T+Sv5xUk,27KbetDU,U4w0PHVi,8mP7r+qR,IcD9sJCA,42Z0DyeM,W0tm73gu,XdPJZurc,3bfc5fFs,afsPxpws,w8abwfVK,QM5qepax,aPuv8lHp,XIPOEFl2,bg/0Iwf5,gEW/UifR,rI8XONy6,pEJTU3ls,RzoUbcm9,CYxsVLl/,kaS3KJxh,JknA7ycR,MHddFVXX,vZUS6VW7,/V6xIMtg,y7x3Voym
FuqwfNaL,haITezcJ,2M+mkHR5,daya6LSt,46YvD3ZZ,UsYRbXhr,DSp43sGt,FTzMFNmp,e9x9ME+E,/iNuLyOh,g3DLct2/,j5/tQfYb,xJA8Tm0O,fNzMI4Pv,IOY+s9Mx,yegh1zRG,rwNOyPk5,r/ROrYMX,zpx2BMxF,rTfIN99q,GEkTDy5H,fL0UPHxZ,caXT1OQ9,JqHGztEL,8XNwh/c5,1CkBO1m5,9zW3i0Sb
F2i7B2Sr,H6UFlq3S,m3r4BVW4,QG4Fjwhg,aI5LRKPK,hBC1pk1V,t7VaDZrZ,QlFfR1oQ,BzXX8amt,E9hhHgAC,EhqIvyPd,1iImHzQr,1IGBdZBT,q/8saOAb,j60mcUsG,6PM9deE0,vaPrO5KA,Nbb37ihk,HZ/VnurX,Z+aGvnts,q693prr1,niKlENNd,oPT3o14R,NB8iWB1X,f6ZIIiO0,ylRYQBsK,Au6u6Z72
Op8ztcH1,Jtu+EQdA,o38x4wrr,KJ/c3NgJ,XKkcMsMK,hlG84nBa,DrUSWNxD,/ysj5DPL,j1+/PivW,izrl+YmE,9RjfEJqT,a6LlZsz+,q7U9PwZc,GpmZvW0B,Q8z4cV/f,VzlFz72l,nwx5nI0d,GaB8nSWS,2/P/5mbn,pwEjfiCA,VkeVvcrd,cXIu+A25,pq/X0rnu,QC0i3SBU,srlyDfnc,DzCTPQ+5,kQPioXO3
F89lX+cg,nVQy9CSd,1/8Mz1YT,fDIBtd5B,BvqNXY/o,B1p513Xj,rO+7GguJ,VV0WfuSR,/uE7SSSt,yd6mHwft,fxTCgEqe,AYdFX8Eo,5KWTidBy,2gNeMgVA,M6FDcT1T,aeNuw64H,oVp2gs04,FOtBe4id,s8dgT/7q,e5PzDYYx,HiJGoxWB,b6jxYqwF,4Jm7h5km,E7r3qKPo,PD9lSdRQ,w25RToq7,qyp3e0bH
H2tc/BGu,6IS15jPl,AU5Dpk5B,9Jx0lhKS,h8dDcvoF,DGQY216F,Dmto0QIZ,rhIWQ0bG,NeHPcGeu,kMCwlE8v,1+fjPfAF,tL394d4n,Dw1hY5Tt,WvxgeE+n,PuZWTCLG,+aJN5PL3,+Dvcq5vC,U+oI8ksu,KImiarUg,XfImr7+2,5oAit4fw,XOxMYZuH,iePp+MET,zt9soU6o,szzU6oK5,auVMOTvz,PBdOaYGi
LVzAMMrO,T0QVr7ce,Wyfs2FZ0,NFczHADO,ap0EvV5r,m/jGak/j,FsZNrhXM,V7W5f2lb,Z8JasgPA,gk1KiUbI,jtMQHYQ+,g1TD9sXK,Cg9kdgXP,82QCc9cQ,nHDZjexL,qEez6UCc,RlZEcH7b,yI+RiRs9,ONIJbij2,s8CqwhQU,+gocCGll,+qKZOC0R,PQkCHZQ/,ftHK5Ds0,Dh0PrQ/v,Yv877DeN,njimBzhr
/r52vuA+,b6H9vXz7,8pgZCFV1,OXLXljB5,FGhQtU0z,/9qKoNqM,iq/X96CJ,+/r4Lbbt,rRJ6Ml0X,q+nWyjQj,GFiVGUQM,ysJpOMXI,qf7UnUqq,VMKFlMND,gKV14FoA,jxyNIpgM,+ACDWU/v,77b3c5Mt,sMiasA0n,MfuHTkg8,gHmn1Wdo,VdkQxe4j,icRm82fC,mIH4IuBZ,KGzjdMuX,eDwx9r5n,+Ou6DZSV
s/JBD6tm,2PyYppd9,Q/J8cT68,4zB5ab3g,YV8Gb6Nj,d0tpxdUe,kk5TmHkj,MdWEbu5m,jdqotgNV,7Hu3Rc86,UDJY16jf,ze2+gFBp,HofJSdV7,Ja/ljX/U,bvEtlegx,mHrJER6r,/JiLjkQZ,B/qV/AHu,y5z1OkEb,hs/GgENt,ERAQ7mpw,dI6oBK/K,U0hQLA7f,de8XOQkz,RTB60XIC,XH4AClRp,7xYh2itA
Tutgonq9,ggwrnnYS,pOtBcFlP,gDiLp8F/,/waAJ8IO,qLWFvJCh,NulLqbo8,97Iu9Ctf,a0PcKApo,pl+rmuyx,97pAEZBz,NrUuOkPh,eOVUFl2N,ZAy9mJRF,zGDDHyc2,KmSs0VVH,EO2KUdZ+,xv8fJMIe,pg+2KWiG,t+JKJGpT,IH8hSb9+,tElxopD+,Zdi6o5+n,xDGppq0I,jMx7YPLQ,HP3XeRqo,9N7y8MZZ
PKRtszin,Ptg5Atu0,4l+yF3od,PES/fBef,Bi13tTbz,F9S+lmPs,7VBj3Nnf,JSxEsL27,Dg8qG7Ks,BOQsgtY8,J0NONERx,lLii8aLv,MTvmQeaW,8ymkLy0l,cRqUiPQU,d/v8oiH9,YPZOnuzz,w7dIApMo,wAjXQgOL,rBi0NUWm,hmDEjcAE,X7/8aDKI,8TC5xo1W,KjGrCifu,gp4rfbqL,rEXfxyZH,8bQdfau5
y4jEj/OV,QqCj0ddK,motWioin,qqYjzol1,eQFgJbMe,q8qQ+TCE,C5NBEXQp,/TjuIECN,I+1iOqEK,px7TVxC6,5J/CzyMR,2o8h4fwC,qU9sNdfd,Ga/NUmJu,EpP8IqBf,I5tccsZW,+knfenHX,8J/iUn/j,ftGRdxXW,wb/DPdnM,/A9ee4n8,ERGzxkPa,DmuiM574,od93sjEl,l6KKkEoM,ZDdiDQjV,qlSSw1UH
oTxZKxaj,rkWGL71K,0xQRldlX,O+6CiWOF,tPkNG5TJ,LPtzuS34,Qvnix8/h,pCxV8NTz,vih04tYY,APY0m4YX,nMs3Ahb1,2CCtZPLU,ofxw7+VS,C1hrOgDr,xcqzt7jW,tR2rRLjq,TXgjpfy6,MSS5+9h0,rxr2S/AF,JCXyA0C3,pc1vcCaR,Z62BSAc1,Nb4jJdeE,ElvjA9U9,lB93tY3Z,h+Vkkbfw,RvcdsIlW
YOIhpXC+,AXAb4UzV,fv7FMATn,y9hFUyA8,/NtNX037,1xJ+Vo4F,OhwFmijb,qXQ8cMZ4,z1mKjHc3,+ghDeFwu,mkAHLx4P,yQ0meJaN,uY/6oAc0,U3TKveFP,jL0tVh9G,E5Xk0bt8,qIB++Tg0,xHp3glgs,9pWYejbA,bkCY3z8H,iX25BxS5,QjsrMMtG,wOxrBq8A,xlAkCFwx,OXoMKMdE,rcnHNEUg,0NNHXmKH
/LaqvA17,paha0WqZ,7Ekv8AA7,E42P7LwZ,/qcMYZzn,tyrEXCj4,6usE1ybZ,bi0lFKY2,sUNsWAW4,VxRtPBzk,ksKoQLQ9,xbTqRVrh,AZ6tFoGv,Zpc32EEf,wPH9o+Gn,C2cB4eTc,0Orv9DuO,0sVDkA+q,apulW9qc,HFZLUY7p,CDrVYC4Y,gLI01kNJ,cNJD25lb,5aUrAzLK,mKDCyYOO,Ya/rCkb8,vMi3glho
UHYCVjwA,X2+Wj3ay,UqCLlwQG,O5CkvzHE,QdtztZSP,RYm1GRFH,PMc258Zp,ylzt8VCy,pwfgjIb3,OCEA1X7O,EUYNW5dn,ViBzj89y,XR3qPg17,HHjZK8kJ,rS+zZaIC,zD0X8bgJ,WS/0NVLd,35Miexs6,AaaJZPE7,DaW9ikW2,fEBf3YHe,XpL9Mq7k,781yxM5W,C4zGvIJ9,r7HOlbRC,ipnMuX8I,XLZP8CUT
nvTU86jf,2IcizQVJ,RMtxeqZp,PaQDUj81,vSAIlsNf,58I+6q92,fjlO1X8I,b5lwRid+,RyFGCQz9,urXEUayL,FBaGOOPn,37g3Pvgv,KiswtX9+,OlSVcSeK,+4V5DC8J,byN7n+wM,Rz/mC0Xh,V9DUqEs0,DYhKuksv,Dw1dzA2V,j4HLZYpq,8G0ibiFN,P1IconLb,nIhANndN,4COBO3ea,9QviGfTV,bhTQM9BP
DKdFQmO2,Kkgr4Bgz,Ru+2HrBP,itNH0Y5O,PJzPVtzS,UvFp0pZ4,0zs/2649,esAl6pdZ,HWrA2w3i,P1Ifagzq,fvBfw9jh,Iu1L4jYz,kFQ5OgDq,2JyuGZYM,M1J5Mnr8,aI3bH4Rd,fntd2vBq,D9O3PGxe,1XNvmo6S,PKQ3CZ1Z,0OLNIQcl,uhmeSYqk,UnXjX07j,gGJBD5tp,bM0se09d,0KDEoDrg,i3y258Xy
IPtbkKjQ,QyycTMPU,NHwLq3gT,bZmKmy5B,B2Fn++AP,MUP+/M7L,zt2Vzmx/,4f+C5JKS,EOcIsGvp,IDV0/mrF,hLgEdEJm,zaFALx0m,Lo8eIVbf,AQPiqKKF,R146BBSL,GeEl2eiB,RWuNsdsz,tPFncsBL,89Ia6P2v,r8FUVB9j,Qr91xPNn,IQDou97a,c0ZEjifU,cGSvBMwP,B5z6yeo+,NnSF6vhz,ss1bTq29
TN1XUykH,eRZ9J8n5,1k8ga0da,m4oCnanr,Kl4uojDM,iF6fQazb,6aLcp+aP,Dq6Z3jag,7emXYT4i,HogEgs4k,VcJbAABV,+T1Ee56f,gMH09zsJ,GLUNVhfZ,C6B+5r9u,QFlk2Myp,z/nmx1JE,aBhcHuR5,6H7ovx3c,zTSbZOqA,uLPQOM6V,8bQTQD5I,3VD76EZh,jOGLgzNn,LAJUvoo+,nstVMTBH,z2iY3XO+
XIMWnrFf,ExfTt9+B,UF/CTQT4,o8ih9a/3,LVueFp7q,Uxcwi8lf,95T9ArZe,Q5N6nBWM,5E2FXebL,zQIMoXIc,eZxptX96,k/uCQ9+A,aptt29OD,chvKaBP4,u3km0GpO,ggNeRBgU,pWe4749U,J2ZLRrn2,qm1YuqHd,9u2uF9nM,fbSJBBTB,0hSynG3Y,J4vf20Ao,17xUEl8p,3NUAiJ7L,X0jg3Grf,I9bfmXAy
CZKzqqKs,q8uB3Dd0,tBX5adtP,eKF5YEv7,eZKtR+5Y,z6pschk/,ua2cq7lo,Iu1Plv4H,DP7jRT2v,LaQlpU6t,VRLuBUAt,++1DpIFY,rMn4Gcoz,tttN4PIA,c4hO6Zlg,6JQ37BAv,QhZNJJ7l,TFJGlE67,+hBhu8AD,3jQN4OTO,siZF0OZJ,11vxIl5f,ze1H3v6X,ue/n5fo3,5fzChcrf,QPpy9juu,2AHivk+g
aLmnXnot,xswlrmbq,ckArbxEr,CbBWxO1e,08QwtX/x,OZaRrcTs,TG/8/BmX,PAtCWeKU,3EGiVjVF,K57n7y+n,wIvICE80,YAVL4GmE,d1Tho7Ws,gfdK2ZGc,s8bx9txE,YvEQx4zw,ffBNCRqn,IbLb1DTP,CyNaLuvK,HdD2cncZ,3XZK7Y84,9AN9SiRA,s/OjF4fI,gecdSDKD,gsm5uD2i,5gvSnpqy,jypwH+t+
eCZotAnu,Tzy80BCm,2N67PIHn,hfohpyCw,5cE4IPed,L7G1pHKG,uZ4bjzSh,hYUaGGHf,t/nw8jYS,CYtGlF3F,cWzT9c2h,du484rnO,y7MxjsAO,xcwRDu1j,4W1G3zcq,O0epZUN+,Ej+eXe/V,TYa4czsl,9rIVsru/,u7PDCyhx,bJGYyq/n,he1dMIIK,ln3j13Xg,4VWsO5Op,z/uDPCrI,VBLirdxW,rcLSsIBP
mV8GXZ+p,EXA+HYt4,qTlqUkSL,HcNDsQUQ,xMNz2Fbz,KjGt1ft5,akNVhRVp,04JZOC8k,UNQVHuOH,91KyxHXP,eJPHrUk0,sEI1sOjM,IpSOiHDp,ZfWvXEU7,xRzgOfpt,qRV6goyL,IzbBiCia,Wz1FAHP+,MQDEimNX,mw4KEBTj,N82OhRXd,wDwWHDxb,pYLUCZ8z,b19GzLwW,RXsZ4lKy,ghQFFolU,E6TyHreD
EwsRG50m,QVICCxme,feh0UqUr,UJlAMOfK,Z1RMY7JU,BIUtZnVg,pOsEO6oh,WWMgsznJ,WU1aBFYj,hDZ7X4B8,3C8YNKM6,BzS0+NhC,zgicdILV,nYiOVXUz,CLZSsMp2,SzBefO34,ssi1F2Ms,QX4Iv24I,G9PTEzqY,AniAnnTr,5IAHUBGq,TVnL9HW7,8om9vw3i,IiA8yLfg,VHEzicjR,th25a7aQ,dgq0I19W
h1k1YsEW,776cL4Li,VQy0fFsJ,l1kXo0j2,IzZLz7uR,j3qjpHqh,IxjenW3n,N6eLpfVD,1tpifsGS,JLgrU7qO,+YUaNims,PCiwlp9A,i2da0v1c,lKlVoG0s,xXOIoZha,kd7o3CEv,KfAXN2mw,zGEE+by8,c/cMVtT0,IexW4eUS,m6c6E1DQ,sRFawrPC,4jIGsSl7,0XQcCvYr,xa6lyc2+,J8z4Zo0+,ATbaJ4Dy
iahbvl58,kRl6zdp9,GbZBREL0,tkgpESWZ,M5u2a0hG,6vmbfsGO,b/AW0y/k,6mhU3RH0,sGBOcM7M,tJJqQ530,E6yaci5Q,hrn/+pCF,8TkGPhwQ,2vVJi3lw,6d5vhIk8,bG9LxJvN,1yhAOkrU,PzXatX8E,28f2fVpp,iIsarm5O,T1DdxIVa,znXANMky,0ouRv7yY,xEAOGwKK,PuSAU9Yk,cfgbZIJ9,tyxkstqM
CLAKbbME,jvaKR3fz,Dq7Pu9Tm,auwOub6H,Ov5uFWp9,JJkeAnTK,icz8lctw,3s30R5NL,PDzdfWL3,7Q6d9/er,0HSGXZBc,9AP2v4Ma,AZ56ALc1,zVmqhyrY,z8hNfj5s,m6C2gKh1,bCUlFoF4,rpznGwkT,YNr1Wv+i,rtaYAi3g,ZQPCGexC,dgp1Htxd,dN6fYt8B,Ish7ox3b,1W0xehLW,DKU39a+6,+NXt9QbK
2HiEyoMp,olMWnh71,X79OCp1q,ygNBgJH/,vRlS48fM,sQiS7Qsh,TDudwN/w,1Xl9bMoj,tc2KVcaF,9o/HziId,y2xFi3GN,BFqDHJp3,p6eMi7oY,SAvXrH5q,skQqxY1F,P7m2Ay0+,f9n76MyF,np6k6ypK,8gVr3k1Z,aLi2e7z4,I3b41AiP,21qQ9UBA,c8LsPNwK,bJqm8UQq,e6FlvJj4,43K9NgtN,GL6PRDRb
NEFpzw1T,bYtmBZfC,oBkODIVz,0du2Z6BO,pQAgfAL3,5jfbGj+v,/kBj6+l1,gFwBBirl,q+jsY3+X,ytjmWXsA,4ysfMzFU,FVKVhw4h,Jh4x5H21,AIFqNpT5,M+vlSagS,bfGSVTSG,BKKQbifU,dFOJEKca,2ZTWolgy,d1ub2+kU,LMjra5h1,D4IkWtxm,vWjTmFv1,FpNRekXO,i4NkO/na,sy9ebC8e,yGpAmt3d
ONrXo2W2,/hRdSmbG,SE4Yv9oG,48u+EPht,wyUOtmKO,dY64Afn6,vCB1sPfe,8J9vYdZm,msRZHmdY,1wRXxd14,98kXqqKq,4/g1+IHK,qMsaQp6V,C6icBSuD,2GqfFATq,lxgyNDXc,3jvyjfKI,+I0qIw+c,UwdwWEkh,9xIIi/xd,FFkEZ83z,itUhgoNF,RNHr3moQ,7QhZWwAP,PDWxMxsY,o6KlltHB,nwyzDaJ7
Yg2ICGu0,QuNcXwT5,LCgWvxUR,QpppTRvi,P0R1BzlP,AaVnSsUX,EWiYZlf3,GL0wB+HJ,ad7DsrPi,bX3zZWb2,OJYM98S2,EofqnR4w,yuAVfeVt,Z49iGfSW,jsMU1oXP,CSz4g+uZ,R4nMy/j0,1QxXx8i6,8SKRaaXE,7b69F2SI,yN8JA/h4,qvd02c1k,TMZnHF+Y,pV+awrP+,PAJwjS78,woMbuy2W,jtG3Wb1M
GSJy7QO8,hjYi1oZB,DNGszxOR,mGZkhOli,NklmBV6F,iHyBPzmJ,bxXMgKnZ,VpdOBP5d,2ddZbu7b,N+ivMnMW,0kIbOvsu,rpbYSRc+,8P6tjM+A,cbyOG01r,G5j8XSGT,hXelsG2H,ZMFD0hq2,IvrAWNLJ,NCyQVmgK,xGwVpfy7,IlK+mfr+,MNYnYj4z,BR/6jcjU,WHaMlP6b,BuS/V5rc,hHCmkplq,e4Vbal51
Ktnq4I3p,/4opbgTQ,Bt0dVR+w,dI8WU2Nt,GJhT97Vn,9UUeQGNd,oT4wFNrI,3VANr+I/,FuRoOb9Y,zWi/QdDF,NLX/NOXy,owqh6wVt,AtCKFaY+,dOav0XgJ,smcuIHtz,orE1a/c5,yY+d7qSZ,zQIPWnOt,/2RdQqVK,zXYqlcKl,UCOCL8Tt,ws1CR+2x,/O/w/o57,CIwj25Hy,h99bPDG7,P1rp+NCY,nAxIu0FH
OPXBlJ9j,SaULhxVG,I+0n3Jck,wdxH5Aiw,T9VnO8W7,irfya3qP,XXbeXhvX,V3IP4965,Km23LG95,KDlzVIvY,0Tov2Jlz,PhBCGf2j,taDS0Ybi,FzzxsWNk,bEn9wxm5,ZslC8WCx,1sGblkb3,MORM5Twz,E9gpeNes,tr/y1UGk,evJz3cm5,alJoVwAK,rOfWbP3O,DvZyMNt+,hzW9Fzns,oKnlcgpo,IKtlAnah
YK8lYxhB,4L3bnaGQ,xRznmVTR,XDV5nJxn,kPzu2yMw,cK3u5Dwo,vJ3PNApG,QLf0qmni,hQIu+EYM,JAeYUgM1,aG//tUVK,vzW3jwlT,KeEGMXvY,4A49TjG7,vZTZeDBe,sPFltZV9,YLya4e6U,jcO8O/I6,mV9/7+XE,Dw1fhTii,GqcLcKlE,Emq6hk62,5MITe4B+,towIaR1E,OML7UOYq,VwWXlGJv,jO+3hjoP
jIACwE5l,pEKM4c+H,QMd11Xcn,ewpNdx44,hkvu/eXG,RjjgjmCd,vMH3qHfi,jBS3tTZ8,gNHvgR6r,B8fZvdMu,rBg/eK8h,sVDYr82c,ZUTmuPKU,zgJZ10H9,A/xurQbl,0+IQxd6a,INb2BL0E,giqCRdcL,nXEnsNox,1NpDYqN4,mIrA12f9,CTN3bK3a,abjM5zNH,oUwS7Ta5,tZMnjC3B,UF8YtsBt,TcY+uyzp
Hmpe0LKe,WQIMmhmR,QLAJj2jF,Mutfl+EZ,NVcLdDJq,dApTXGUx,v2kqVZJk,/htT2HrY,0yT6PuAd,785bPhth,sZyfeJbN,mJg59BRq,1PZNm+Y7,qUDJrmbk,AFzJY1EB,82S2TegP,L/4m6l9G,jbP9CGH8,lNyJdSuC,58MqTODK,vT6nlUX/,ijpZwzbq,WC5DGRDT,YrY3VFkd,beoyD+Ro,g+aAOgCy,N3RYvjt1
TXAA1zrJ,LxNqsVVD,X+sU2+lU,D9Fqw6Wq,kQPnNMES,2eyv7KNT,B1p2D+vT,znebjKo1,FpNN1CZ4,Y4ikKQjZ,Y1bJOVIx,WGnOkDMX,w0GVJFT+,rRnszZBX,WQNuxydw,nsqjLYuS,fDCgiJcm,o6KnPWQQ,1YHIGIVS,fsx9z72p,NoNRa/ey,KFW5578F,vfV4oKcY,5XF/2dPd,y1wKMZEk,KFVDL4t5,93AhwpcF
uAwJtxjw,J82sQJ49,jLQnf/Ps,bxSl4X+b,54+/0pcl,MPnZCBjA,PqSGODKi,ChVlbGsc,TS3Cj2k9,1AO180vv,GzlE02Jd,sYTExpRK,3flzULl6,/h2gWTGM,F5SDpK2d,TnXjWwWn,eyU2jaJf,iEo8sQTZ,ENkjHx7m,xipljPl0,DcLsoU5t,Z7tsXdAY,9BkHqcB6,BZVsz4p0,gvX3/thm,fXSSyt1K,rodRq+0Z
7gkZfbLp,t+A5/VpN,ssePVwfy,HUZkiI9H,aHgPBr1V,nbRUF+8i,7LcFcalS,MWhgstFG,YhTvzbS6,GXTrqcEq,HFWYgczs,zAAohf3X,vBHcQcMa,EESeHfrk,IuXo8pyC,3lAfdQ+8,Z3H3wgM2,c1VQ35bU,5WoXJxNW,SWqm4xC3,QWbjwZ8R,I7pkTe+7,VRTIhotp,9mJeN1uK,OwPCn6Gt,BpW63++c,Uvide/8+
ymnr1Os4,NXs1x0VM,BQm27ME4,yDf3aolX,spNuMulD,Id8fm5Sw,DDl5658R,ngU5wVS2,lAGJqGFr,3UJhj7oa,BTbkO5Oq,uWLE54rd,W9ceqJ10,VOde/sAO,0SSbR8lE,C4P7PEcN,5zYPmoeg,cdC3W/FM,WTV/c0sh,bYpANqPK,J0F/3Wrv,HTDQBkgX,iouyKVLD,1Ij0MctU,ARsO4FHl,OCpIaP7x,ShnW1Pst
IaG5mMgu,XcYfDnaE,s89D7yAc,fTJN2U7g,Qgfz1tSa,JoTVytPM,bSLj/9bZ,EOf6pYhf,Gs1BUwuZ,PGmQeKQB,WYcK/jzr,6ky9mLIr,jQTIcHev,jJc0jwGk,Vf7YVX0V,7nN5IgZG,jeEonkKc,BC/iZRd4,T4wycKHX,Dr6RpJ/y,+oRDQ5fj,gEY7be++,L3H4tuXz,J/Cli3ly,wAD9v5EG,8gyjCKS4,1sINi2Nt
J3wZOdzH,y3m1gUlH,PoX7qGEp,Nr/SVSTF,9lOOHtU0,9hDQ8+ro,SvQlrG/S,LE1qh2U/,ealmnYy6,NPlteoBq,AHoDg6r1,qK02fT5b,noACHR3b,bSUxfFQR,SAo3iUzU,lQGZpbsc,RipGDKMZ,g+c8ZFDd,DvbkNIBy,0m21ZBYE,XZpTz0d3,YjFwmcDR,MkLq5G/R,TfMrK1nU,ygLMyDS2,8Vbxh76u,oxBsBBWx
6NUeVrBQ,dIYRZmXZ,FkneiUT4,RoJN+qyW,lDWvUUT4,SkbFESUh,vjzcFZ3v,/dqtM07B,MReBiiEP,JFeKL30Q,zlJLk9QX,vfxwDRd1,rK11XIAX,/+rDIIho,L60NXxJw,ZCm3+zAz,6AmuP2wS,sgLQX3Fs,x18F6nL9,3YTkXLP9,1F5Okg/B,K9IVR2Kd,eotVmRBA,EyDYnM0V,Uq52u3Wo,UouzP2a9,OlQe2hU6
5iA3KoZ+,TDxJJtfH,DyFLsqfP,6+vDDKuu,R7UiYQo5,rhqoO1Fh,SuXBBDCU,cFUln96f,GOI7s4LJ,VWu2X/y4,7uv2q0uP,uMJn8shN,RunlfPrv,NzHV//OO,3CXM/vOA,qlYrcJO7,ss6ANK0t,MM/mfmFk,A+ZlbmKs,KiMSiGqq,SbMvOZOF,LygMRnB+,R0+jYKNS,IVt/nWfe,8MnV9vk6,G21ovyqc,k1RoPOB2
eQHTFqYX,mSUSz+gN,2sGdU7tB,yUbXckQZ,GljxX0+Y,H+eKM3sB,UkfMZyxv,1inQX+k9,6lL62m8k,biPdgNyW,cyJYYMin,ox/2aNml,0kJR8y76,cRwvKycR,HmOjs4qt,FUssBECS,uyoYDLlf,DdMhjYUx,PT4OtpxB,Fd5SkUgG,ijwwmilU,KWtVHwE6,tMR73Skm,icwMewrE,KHt8+pka,sRctOtVt,dhkOkkqe
Yma7JKON,gyodlSM0,jdkLTAyM,Yl5nMRvr,eKCB/Uxj,e0r21PIk,oPPRwcGa,YqcoLLcP,wdyAZ//J,+hApJTBs,22mh/z5Y,XCW06FcL,Iuzaz/iA,6JxX6PiO,GmzdZ32J,P/xtzvYj,fRQxlDDK,M/Iii1UL,TxCoZZnt,6z30R97X,wYSnJAOq,uWQub3Bm,WobiZN2I,Rwystguq,0UFe7msh,aeRaAHUh,KeJvyCNc
QIt2hKbe,mXw4ToGx,LqXLqY2+,ojVvAtVq,wNw1Hus0,/0gYs3Hd,5MrhzbS/,rMKGb+60,rRHK69Nw,69degHam,fWX+2CRm,MpyVeok8,7m7YTplS,QCyuIInO,3alFM/d0,GMW9jd+F,adWBskgd,8YooAsZY,7qfYPEht,SIBiDOzQ,CKimfgnT,3OKwgnaF,mYQYZEGR,ru8lZurf,t+pqHPl2,84inDpTX,w2AoFw3j
KRTo/vR1,VK2u9kDH,Eo5vClwR,UV7qr6dk,qCNNPCPT,0CRVbQrK,Kvap5Ma0,MJK/oUiY,ET33iaO7,E2GB8FI/,IgO5AS6C,Tj3JTxx/,TXZGUp6w,/6eT51Dp,2MgByn7+,h0MrIBzd,Rg+d9g7z,fejusTHK,RFaho9Io,xQTHg4Ty,2/vf3z9G,e1fzvQ9k,ReG8+HJF,+IX+1H6B,/G3seSos,3ScFceP4,wot0M4pU
AtgzhhSL,kIgoKvnm,iFlFOvoK,p2ast/SZ,yT6I/2GU,fWz0W+l2,ahCWe1xa,2ZWE7RtV,PKueo6/c,rD7xcvKf,Z4/anjUr,QksgPemL,PlGX2enm,CgCD20Ai,ZclyBp8/,xomgEZm8,u3MXEUp1,dARL9BzB,Uf+BI7TY,U4No0zWq,kQK9qOuI,20zrMGM/,FTUoVKB3,zlsZ5giY,tDLuE/hk,IOxF920d,kKxKDJyf
HBMVtPyH,BiXKsXrK,NhX7qCXd,sWfJroQT,Kf59p1x5,cA6z6K27,+/svtedC,XJpGmbET,3R72ICJw,2t9MKJt6,V49Ef6xN,g1YjRT4i,Iocfkqkv,L8q31H5J,OhSabI+A,/s1DDCXB,22nbXcs3,T/LVW0Fq,gK2V68se,v/MIYbK0,8OmM6NKL,KIqJFE6f,HFyVYGlo,qCmUpO77,TBiUotqs,opS0eoCp,9lR+NZVg
rGOIQPVZ,1inW7v0c,pzL56SIL,77dw0mlI,qcMGoPBQ,dC8yNEUd,G6h6001I,8ZfPng+j,iYsxKAqi,FzuM3gyy,4PdYkB0g,5Si8A5Mz,OK2rQU5R,mIFEUz5c,7EJ2mpuV,t4vZYj34,mG2VU+Ye,7TL++vTe,Hqv1UgNr,RcSIKPq2,mc1SxvyM,9lMbPIq5,YVZ4GX8j,gQSrwwQu,Gf9DAZwe,nQP9huov,nWSgYBk+
Tn8kk4Rj,BiYLbu9U,ynhGNU3C,t+iQjOv/,lzYW/YYW,S1RMcgCw,Z7KYurA1,mhVqByIo,PExhcDOJ,xrwneip2,VfVVemvJ,LP0PNeZ7,MvQoVrf+,aWB/6ldm,hkMf23sB,WbJigEK5,VDAOEC04,FJM1KbHE,2d4YSQje,AYeEUXHm,lULzC525,uUdso2RQ,PbjjKi8i,FW9YDH6C,1067rDQB,NK9FvomN,mxZg5giP
eowAIIMQ,A0YHXRtU,e93k4kv8,zwiz48/o,FhCd8LnS,/nv4gX1z,a/TodbXh,zqJ8jn9u,0R7S5C1K,tdIyiFTh,6hc15/H8,eyXfSVFj,kLnAZfh5,EruW1Nxf,63dtlCqR,uaX9g1DK,RhPK3VVj,9hrG0j5v,SSfx7Wog,eyS3m8fk,0l9RsV6I,SRIk53UT,+EskVuus,oPUxAaF0,Hp74SR6r,+OQSe8uO,3eOoO7j2
FBlMGCd6,E/UgE7/O,6pMz8jvh,20Pe/vzC,vaPqTmS6,l5QtaF0z,B1HnugDP,3X5pC8IQ,hsdtB3O2,kp7+wiDb,NDLROjSY,zYXqxVLj,UKZ4po7v,7ge4gDVJ,XlhU2eHB,jLxEnqm9,EGNrnrDn,kyD6CaUA,ZuUR/FMJ,DATY9vDg,oxCpTxQg,Zw0pyZqA,PwupEIL0,MLGJNVNO,8eCVHuMd,Ur7lJyCM,w84AfZuD
48U5xOuJ,6dZPfRgf,P3iRhYFl,4k93qsf4,AmHJENOS,bDP7zP4o,Ek0OV8eP,h7Hw/xHW,gcpbfDas,Zgu5fY87,tG5++Q2K,kSfN3bSe,RuFTch5Z,vGCt6fXZ,Et9F2G4Z,78QwtcoT,NvjRWbXb,XIT4hWzE,DtJDXQN+,iKj77l12,OxP3mjd0,K3r8su6/,kWna8hf7,QPjQ6phJ,NGSomp2l,DlVb3aWL,h8ht+qZS
BcaRFZXO,GA2GwhLx,7mb3aMxq,0vCe3dkE,vESh2pBI,yxFyf8Hb,tJHyv20f,XCSOCsqV,TYUgnJJ4,LrJPLsTi,SiiuSJLr,FHdg3JWF,oqqxysYg,LAN+RjZL,lD3Ob4eQ,2Qr1ynRX,nNg3wDaD,sCZiIUEX,f8Pyl0ZR,lvIwN3GM,LT+T8B4i,oD5cMv9H,7i19Kxkv,M29zgreo,NMOmwYb/,5V2P1ouf,yFzSjfqs
l3UfH1Dr,oNcUm6ud,ZJadgwCf,/3SSMwVL,rEYXbIgZ,Vlw+3Yb9,Czvnk6iK,bLdedYPN,WvR82Uey,PpUG/lNi,uk/Qd25h,BSeaxHC0,hKLxzNo5,PoTOWTsM,XtV6kYwo,qeenhwXD,GnPXrknw,Q234WTi/,3i5GTRxf,RConJE67,AYmR4LFY,MlKmbZb9,IT3WFTnK,vQF8B2Te,HucB01t1,8GV79UAG,EUYNSQ7p
/ZBIk4Ou,W97I6TIH,ariXX56e,l1mNW7Y/,7vjtL8Tu,oWLJjWAR,hn9eD41H,lJr3rEnN,cl4NSzNg,1KXlJzAV,KMuwbEZB,+jxupfSX,cNILRQmE,4tq/GZxV,QqAx4PRQ,qTDTs9Ed,23eHjFIe,sPN417+S,tW8B1KH2,jspJNRmj,j4DkiEdv,JEKzvMQP,aftEsolz,kAvymLip,efCFn+O6,KcrSO9SP,Racb2bVL
lhevSfjy,hBlLNmHA,qq62tAtS,NWVovUBA,hhAjq+T/,lt1XutxD,hBBClHLb,IngNvGTS,SSfvIaaU,k39NkG1G,rxKXQFWr,7fHsRj0F,yGF2Hlkx,ZxHOJj+K,ANgYIq5G,gPVnvdQb,8P8a/SbZ,+sc8222R,cnMnoqes,yJUgilPU,o/P8MSoO,M6H5GwHd,3RXlI2ug,rgN6Fuc0,xoH+HX1S,+uRnTEbx,NdN0FBTk
EmMVyqh8,RctELTtn,NZFo3kcO,Wd442746,4rYUDKIv,DsNtx45O,zOteLC03,OjgR3YGk,AE+aSB7O,/sweT5DL,seTsqPMt,tBQhgJnj,WAGI4Bkb,Ath3LH2e,vcAyu+Qy,vJTLOAG7,1z6/Q7tZ,BAoa0T7K,4Z+UxAoI,NNxxYvMs,Xvmj0j/J,65QqmS9R,BoZyMJ/y,Af20aJj5,1FSV9pGt,mokJ9zl0,DaZwaJAx
EQr2t/2k,KII3H/qI,AhtYTqd3,5BIu1yTI,S0abrCvu,PJTrqYWa,A016AnQa,cwyQ34j4,jcODuH2b,/a9TBm0o,i0GQgeng,n5f36LZD,zZPQR93r,TOQRlbux,e0q9MBNL,TsZFXehr,7/pltXch,G2VHypu5,wErjfArd,bercpikz,0ekkdIO/,RlXYABeB,Q3UjyPrY,4ffeKKLc,aKMu5B3H,vsfkqVoM,6fugee49
lB/tTICp,mTqmd0C6,Ze4PJZ1b,mPC7Ah7P,bWUsgOxa,SMItiUYc,KMs559xw,QXcXvKeQ,Vyp7JND0,XIwmiRjt,8JEGS0EO,wKFWHJMC,NkH9p4i2,xXty4fOw,nmLWvwa1,C6IZhSun,7A5VZB4k,ZMH09vCn,I1LNqibq,+5tCXVvB,cYJj1Zv/,J5KOLzqU,XJNMc9ys,gY/0EG4R,o9ALVzxJ,7w/h8ev4,O0c1hzJ/
grJRBX0a,ZBpuUBnF,oDwQrg7X,oHBqR1Kk,6DU7o4Me,q3OuL190,MEn9xt5x,eUHNH2ee,nyqSTdqf,Uw4tWAbZ,gFuJo2SJ,ru4Acoxt,gJV7d34f,S/yNNVs0,eYPWrtxh,Jmems9rW,hcfWe4hg,e1FwLmbJ,APVHTE/7,xPCfPm4Y,j8SGzSPj,xl84qkQa,A8I+6umY,d6vOgWA3,f65sz3rr,FghHDC2o,Yx0c6cR8
I5uW4/u0,Rqcr6af6,V4+/yy31,CAiEtApn,sfKXzSsS,ycHkhsVS,bAcDPl8D,46cXuMZc,C+N1pCkR,7kD6Cf41,QKGz1OxV,0zs4WyKd,EnAR1BA1,oSaP3lyk,vnFy9f+s,w7dJAlmr,usuNxAqA,y5WEbwsj,xpkjCKPK,mm3rEWYK,3ggK2yLz,TsB8HzQy,QjtnfAMy,QFGB+3J6,bUisfJPQ,F7mYVfIU,Hmpfr0gl
opTsH6j+,Ub8UG3eZ,B5N7gm/L,QFjvDY1l,olnP6RRY,bG4lFtjR,D4CGA6fY,kRk4Ad11,KMPMvv8K,roh/2eJ5,EKOcROQ/,+d4c72KW,IuSECFPW,9SBFy84T,+B7ftS+A,X6m9PVeK,ce7ZMFz9,MXhZU4bi,rvTws6Te,q679VsbU,BvVvohTD,RIMe2Fcn,Fmgyq34b,ww//psq1,vxolvMXo,G3M0xVkl,G4tGA8X5
ku9jjI3v,h3Ag72sv,n3q/hafc,o3CPJ5b6,/F+MexqF,RTmAmT5a,rZxfeF1R,k1ruditf,8HNd0bu4,5XknKUqq,Pwr4DJSD,2ExHYo3r,UH02+2tK,TVE4Crpj,KNhrqXe2,X1e5T9kg,CW87Y0R+,afQVnLeF,ZDeasjEr,Bc8opTdA,/HwNaJEV,GHTfUk2T,0jsnkduk,uKV2zdNN,GraNflwR,SfV5hqYP,VAU0s3Gk
YQ0FLLdJ,QVDfA7/1,44iFqOw7,3rhjel2s,5Ch2LR31,YW2kZ8aC,zmDkIDnY,T3cWTXo+,MworNgGU,XA9+Cbt6,76C4W5oq,k1QwnAGd,JuSHsrzp,ImhPWKgf,LFpkskcx,j3HRyR5K,rMpsBipz,lat5u7e0,ebCKm1uw,LQLcP9tH,sd37m5R3,ntqfmfR7,sNYLdeHp,WRl0X2KX,G0GX2hV2,IxjhWpj0,wszKsRRe
9Nf6lu77,zhhhKMgx,D5iiZL+j,lMfprA3Q,6VFPUWq1,t3Q88sbr,RWwFJ2MJ,D9lJ2eiD,I8fX7hBI,uIfKm0xm,tbYq/e3p,GSPMnc83,hT3z3Bq1,wmXsjVKk,RZk1WyoE,menWWswv,+tYFgoP+,ujCFMBTn,2idHonLc,fx3GfAnt,ZbMvSHam,gRq27qzx,WJOBPtI0,peKBbLMy,twdTkR0u,BCZiKCXD,sgBHl3KM
/3onk+IC,09UTz3JY,LIZrU8mg,y4/6D38p,cPdaVKGd,nU8RYsBn,511yyIMK,hjT8EeGK,42y9HkuH,AIevsiHc,Db2Z+ayD,00HvCfTz,P/xyU7tA,6qFQKLF5,kMlETjDN,k9k1XsMl,a8kaWCqK,PN7UMZlA,WZOSKWop,rO0xc3dj,S/VYosRp,4CJfL9R0,UW6o9jLa,E8DDsxvu,zaPOjqLe,wc6RipzX,WU0mG+Xj
pWZOhNrI,1eadhuDq,wsYOrR1p,XkEu/Y1E,TwB1V89z,UfCn8qiQ,zFs3AlAu,Sa1jDjQ/,9cEYhyNy,IuQPPRTS,y4Bu7YAn,/GSnrSRY,grtbgeGG,NdO3zU/y,nXhV1cdX,a8kbSViQ,3vGfs1Sy,c9GAClQx,O1VOJiC/,bM1iQguo,77YGfob3,uiCNX2xT,eko7RdZh,9JPeBkej,nhuxToLX,/dMAL5LY,U1j+n/MA
7G8w+TdD,0yREhnLU,I/v64hJD,n6R5k5Fd,NTG6igUK,dANgkZHx,Dc0d4eTW,UG8Oj+u6,vD4fF7t5,bepo2uov,pElMlkWT,Squg+AxZ,ZobBDYTU,pdy8wZXR,2KLpak58,e5wPPw39,HV4B1ovb,AQw/uM/X,jBzWwRoS,wEM/vCsn,xabC2drR,bIuTI4KG,q5kzCbNY,CdOR6l4a,TKNmfqy4,zX1bZQid,EFplo2RQ
PY+mIOGX,l3ZOK/uS,DQQ36Gxg,t4NM+Te8,QEmiztBg,jzHcRQHg,FFJLHLhQ,eiYLdkfe,A1SmX1R4,FPizPOpm,yHp3YScv,RWWDgc94,Y8JUMYhf,Hf11cr+k,Eo7fINMA,AmQXfriL,TsYOtIaa,i0JEUavd,27JkwuaE,lkQo2F5a,rXH2U2oo,PgoBRLmT,BRcosmy+,5igZ/brn,ZNhubV0N,K0cOryOI,g9/NUo8u
4yLMSfj0,XjvYbWnK,MEvO+AQ9,NQ81DmjY,bmZiLEKD,go9Xvsti,OhrjjnW2,BdcCTRR+,cQW9D6KV,uwSLxJuV,Mcbu1aLz,21qWdcwg,1BLBU1Ou,6N7Y7fVn,/JHSMKY3,nrvU95qD,gNCOZm/O,+QAemfMa,g47wEooE,OQ2cLZpm,XFFGq/H4,1MrBN89v,r9Ar2okb,k2JRivWN,U6eMkzRu,ZRIiKoSo,Zogl982A
jwxWbtd5,RAXCeyHy,j0fi3V1H,kMl/yUJz,HP5LRFms,Io7J0wRF,OF6lu0PP,F8ZcvkG3,HmrUfodp,zDSE+ebq,TWkMI4MB,4IHdOdXO,fGQScJqx,MkoUZuPk,s6n5gSUg,2D3lpxn6,JCznla4G,NeGccTWz,UCNOQ2Ss,5/1VbSg9,+re1TMxr,wB29j9aZ,FBfuxUxq,7OKQ9yqY,5Uae/S/h,vhCaHgGa,4Io5eeZZ
2CA4qExP,zOyEEeLq,FO1VitD3,opxSyI19,jthu65fi,nsvJ7hBJ,qbXPOW7x,O3FcECuX,+h3VJDdU,O/cPAPK/,Za0rmOZL,lEu3x+wp,AwNOwUVn,jZD4rYPO,MdUKDFGH,mh1HRwk2,jsr8Kfyc,fNunXu75,92DP/vtn,MglsAIz/,hndBvVd3,9sm8eE5B,m3Kc193s,QUIKV5JG,0zs+7nA4,2J1bZMxo,CyzS9hOa
tOnCt1OO,WhiVHKGi,F1nkk4Ox,J5JU0Odx,chN2httY,BFJputY3,jDE7X66d,2eUDx1N0,YeEIKUQm,vwrcIDh5,LEWBNDeu,DzgCPHJl,aYVaDch7,azTQx/Kp,2LoXfFmn,rK2yp46G,dgLOl2KY,8iJmDS9L,fpEhp07I,m1f2Y6KZ,bIvGMV1A,PNZAWulf,/w0ADAGW,vFnw39kf,MjMkQrMz,NIMBGFro,RzBWIcyQ
BOYBe1xb,tDsLMq41,wjsLsK6o,PE2GR6q6,Uh6MpTbP,25YbaDkI,yxD/iu7h,x0cw6LWW,jPYyyJN9,hXb4Up7s,OFbADjYU,0V+3bChk,ps9WRJxn,pw/CTNll,8v/wob8F,Q6m+PR1o,eIyZiGvO,HVNdyjN1,3C3wrIQ0,/0elwp7j,93Ae+wz2,2ZQqLbdc,5QPimd/k,8WvQX+fY,BJzH/7nf,wNSL4o/e,8rQp0KyX
Bxjff/KI,iRV1/Y0M,uEciS7d9,6lEnuDTP,HYG2ihl1,ciuLZ5E/,qP5R0Hg5,uQ19u5NN,Icg26Uci,nMJqmRC6,fAz64+0W,Q+tOOfJV,/P7BBLXP,/ix1BRX+,HqT/4SBV,bB28plxn,mEi4Q4BB,c2vOCrtP,bfjCN0z5,JrboY/wG,2Nf/CME3,6aMWFRvt,WwvlSXyD,VOl01ev0,q684x6K1,RgUwj1Gb,xv/Lhtp1
38dEb0Zy,7gCD3098,daR93Jdb,mveUUnCS,qGP3izXE,jP8DtrGP,WaLgZAdu,xBVkF4nb,oAEymOTq,dZzauTRv,4yN6lLwY,J4vbNSCS,s7HVB24n,jQyrUcGe,70iu0cBZ,ql2dHm86,uIgCLdv9,uIDW54Re,bySehm50,ObzLNnBU,p7acg1ju,5Qv/2aay,R+prEZDr,urxH4H5i,YkAFZw98,98BGm0Mb,Wpw45pHA
Fn6yk4Qm,zXbeQBno,1eDPj4Rc,mHxmaHy1,MiXwpruj,2k1KgZM2,aH+7HXT2,6p3Y/lsL,+uTjiT+b,ZeYriqVm,nJ9ssF8r,LgKvE1fF,Ub3roiqO,XYOiwmt7,V3KErx29,VA1OCq1m,J+OrXJcA,rihRk/92,fiulfQqv,RZDXT1Zt,WniFH7+y,NPcbZovb,+d0xiSEC,4/9rSH0f,2o8cTq6n,5xIioSuq,t5lKNqs5
GCttYVx9,iUnQVI5g,nbuHrvjn,lJMS8KOU,01d+/O5I,V8tFmGnf,Tdat9x4S,hezsHjSY,8rXBhm3E,IyXbhXsm,1KV22KYu,aLj4JojE,X0mYZNTx,2Jw2gsz4,J0qDytt8,LhoabLrc,BjSk/36S,ZTC395mW,Ith2LLfA,uyJyZ9Uh,zKnHwVTo,phWASuvD,rGFzZWa6,8RTkbxHV,n7ukDaK3,jF3z4+4A,uThZ4AIu
vPNR8Zw7,XIxdU2J/,/SvyKarP,Jl+NB7Sc,C/EaVn3U,9D6U8d4D,3ZHfi1yz,4OmvP6iH,uzAjCMIj,T+TqVAEG,GtKcZB3s,0fjh6ujw,u7MNb7Lo,SLGB5RUH,mfBLLwj+,2s/GeJ+b,8sy67lrn,28e8DDUL,QC3PQzhr,6GEAU9dI,RV7M8+Si,4jj9MGuT,+n2ID9c0,5+9w28r7,nKym32qZ,SShluOKg,rhHZ9/8b
soy5f5R0,5dgoIAdQ,+bhXEMU1,RB1latsi,PUv8ol61,BfQ1HNVJ,2Pt1ny2U,pZKNy3WM,bW9cryPC,4iMwPQ8F,0CPgxzZ/,t8PygQka,K+m7DS6c,Y5d5577G,yES68/n4,Y8P4+p/P,Vf06I4mE,c2O0hA+O,qp+mjKLA,kpUAl1Ts,4Mx8WU89,+ppBfQtg,WCfG/Fub,KYnswmIz,sVoiHamJ,3n3EOez9,wg+7qi7J
FYTe5uKm,rNhPz7Pq,C/DeHc6n,yWko+UaN,O+h4a+BI,vGok2qhi,YGXxm7sh,W3dvWL4p,gZdctJYa,xSGEpXEy,0L8fDuzs,XTzxL78e,09OtLB5e,tDFRm2ld,Pi9K5n5K,t9uR3VSw,E8BLPXOX,crvsI4rm,kdjUhXn+,TIZw0Lkf,Mn+ZT+BG,4cO4oPCN,sN6fXypJ,DE/xdQbu,DRQ6xo8u,7otWgtTU,hEJOznnt